{"cameraMode":{"drawMode":0,"name":"Shaded","section":"Shading Mode"},"sceneLighting":false,"audioPlay":false,"sceneViewState":{"showFog":true,"showMaterialUpdate":true,"showSkybox":false,"showFlares":true,"showImageEffects":true,"showParticleSystems":true},"in2DMode":false,"pivot":{"x":2.1803531646728517,"y":1.3639494180679322,"z":-6.608548641204834},"rotation":{"x":0.10726557672023773,"y":0.24809397757053376,"z":-0.02765100821852684,"w":0.9623871445655823},"size":0.24352937936782838,"orthographic":false}