{"cameraMode":{"drawMode":0,"name":"Shaded","section":"Shading Mode"},"sceneLighting":false,"audioPlay":false,"sceneViewState":{"showFog":true,"showMaterialUpdate":true,"showSkybox":false,"showFlares":true,"showImageEffects":true,"showParticleSystems":true},"in2DMode":false,"pivot":{"x":2.214885711669922,"y":1.3886070251464844,"z":-6.5724310874938969},"rotation":{"x":-0.09925910085439682,"y":0.7941645979881287,"z":-0.1349421888589859,"w":-0.5841599106788635},"size":0.8660253882408142,"orthographic":false}