{"cameraMode":{"drawMode":0,"name":"Shaded","section":"Shading Mode"},"sceneLighting":false,"audioPlay":false,"sceneViewState":{"showFog":true,"showMaterialUpdate":true,"showSkybox":false,"showFlares":true,"showImageEffects":true,"showParticleSystems":true},"in2DMode":false,"pivot":{"x":-0.034532446414232257,"y":-0.02465769648551941,"z":-0.036117419600486758},"rotation":{"x":0.10726557672023773,"y":0.24809397757053376,"z":-0.02765100821852684,"w":0.9623871445655823},"size":0.24352924525737763,"orthographic":false}