{"cameraMode":{"drawMode":0,"name":"Shaded","section":"Shading Mode"},"sceneLighting":false,"audioPlay":false,"sceneViewState":{"showFog":true,"showMaterialUpdate":false,"showSkybox":false,"showFlares":true,"showImageEffects":true,"showParticleSystems":true},"in2DMode":false,"pivot":{"x":1.758410096168518,"y":1.4480483531951905,"z":-6.801347732543945},"rotation":{"x":0.07387842237949372,"y":0.9210748672485352,"z":-0.3158096373081207,"w":0.21547013521194459},"size":0.2619444727897644,"orthographic":false}