{"cameraMode":{"drawMode":0,"name":"Shaded","section":"Shading Mode"},"sceneLighting":true,"audioPlay":false,"sceneViewState":{"showFog":true,"showMaterialUpdate":false,"showSkybox":true,"showFlares":true,"showImageEffects":true,"showParticleSystems":true},"in2DMode":false,"pivot":{"x":-7.626917839050293,"y":-2.418921947479248,"z":-1.439916729927063},"rotation":{"x":-0.17149567604064942,"y":0.7836676239967346,"z":-0.24731877446174622,"w":-0.5434199571609497},"size":8.603222846984864,"orthographic":false}