{"cameraMode":{"drawMode":0,"name":"Shaded","section":"Shading Mode"},"sceneLighting":true,"audioPlay":false,"sceneViewState":{"showFog":true,"showMaterialUpdate":false,"showSkybox":true,"showFlares":true,"showImageEffects":true,"showParticleSystems":true},"in2DMode":false,"pivot":{"x":-12.143081665039063,"y":1.2480385303497315,"z":3.2973902225494386},"rotation":{"x":-0.0173497311770916,"y":0.6235703229904175,"z":-0.013843564316630364,"w":-0.7814598083496094},"size":7.30702543258667,"orthographic":false}