{"cameraMode":{"drawMode":0,"name":"Shaded","section":"Shading Mode"},"sceneLighting":true,"audioPlay":false,"sceneViewState":{"showFog":true,"showMaterialUpdate":false,"showSkybox":true,"showFlares":true,"showImageEffects":true,"showParticleSystems":true},"in2DMode":false,"pivot":{"x":1.0096722841262818,"y":-2.519305944442749,"z":5.782829761505127},"rotation":{"x":-0.33769676089286806,"y":-0.06431484967470169,"z":0.023135552182793618,"w":-0.9387706518173218},"size":5.906982898712158,"orthographic":false}