{"cameraMode":{"drawMode":0,"name":"Shaded","section":"Shading Mode"},"sceneLighting":true,"audioPlay":false,"sceneViewState":{"showFog":true,"showMaterialUpdate":false,"showSkybox":true,"showFlares":true,"showImageEffects":true,"showParticleSystems":true},"in2DMode":false,"pivot":{"x":0.14640061557292939,"y":1.3126195669174195,"z":1.9189523458480836},"rotation":{"x":0.05996400862932205,"y":-0.0012015895918011666,"z":0.00007217819074867293,"w":0.9982002377510071},"size":1.178993582725525,"orthographic":true}