{"cameraMode":{"drawMode":0,"name":"Shaded","section":"Shading Mode"},"sceneLighting":false,"audioPlay":false,"sceneViewState":{"showFog":true,"showMaterialUpdate":false,"showSkybox":false,"showFlares":true,"showImageEffects":true,"showParticleSystems":true},"in2DMode":false,"pivot":{"x":2.212897777557373,"y":1.3629651069641114,"z":-6.609211444854736},"rotation":{"x":-0.12350625544786453,"y":0.2850824296474457,"z":-0.037070680409669879,"w":-0.9497901201248169},"size":0.26194459199905398,"orthographic":false}