{"cameraMode":{"drawMode":0,"name":"Shaded","section":"Shading Mode"},"sceneLighting":true,"audioPlay":false,"sceneViewState":{"showFog":true,"showMaterialUpdate":false,"showSkybox":true,"showFlares":true,"showImageEffects":true,"showParticleSystems":true},"in2DMode":false,"pivot":{"x":1.3997774124145508,"y":-1.5525798797607422,"z":8.66061782836914},"rotation":{"x":0.19124838709831239,"y":0.06766653805971146,"z":-0.013217311352491379,"w":0.9791205525398254},"size":5.028303146362305,"orthographic":false}