{"cameraMode":{"drawMode":0,"name":"Shaded","section":"Shading Mode"},"sceneLighting":true,"audioPlay":false,"sceneViewState":{"showFog":true,"showMaterialUpdate":false,"showSkybox":true,"showFlares":true,"showImageEffects":true,"showParticleSystems":true},"in2DMode":false,"pivot":{"x":-0.36743485927581789,"y":0.2166053056716919,"z":4.215547561645508},"rotation":{"x":-0.10987775772809982,"y":0.10358018428087235,"z":-0.011497674509882927,"w":-0.9885018467903137},"size":4.449794292449951,"orthographic":false}