{"cameraMode":{"drawMode":0,"name":"Shaded","section":"Shading Mode"},"sceneLighting":true,"audioPlay":false,"sceneViewState":{"showFog":true,"showMaterialUpdate":false,"showSkybox":true,"showFlares":true,"showImageEffects":true,"showParticleSystems":true},"in2DMode":false,"pivot":{"x":-3.2533211708068849,"y":1.0556716918945313,"z":2.2629756927490236},"rotation":{"x":-0.12350625544786453,"y":0.2850824296474457,"z":-0.037070680409669879,"w":-0.9497901201248169},"size":3.50698184967041,"orthographic":false}