{"cameraMode":{"drawMode":0,"name":"Shaded","section":"Shading Mode"},"sceneLighting":true,"audioPlay":false,"sceneViewState":{"showFog":true,"showMaterialUpdate":false,"showSkybox":true,"showFlares":true,"showImageEffects":true,"showParticleSystems":true},"in2DMode":false,"pivot":{"x":-0.07308238744735718,"y":0.6455960869789124,"z":0.1059931069612503},"rotation":{"x":-0.09555220603942871,"y":0.8064597249031067,"z":-0.13578711450099946,"w":-0.5674989223480225},"size":0.2557294964790344,"orthographic":false}