{"cameraMode":{"drawMode":0,"name":"Shaded","section":"Shading Mode"},"sceneLighting":false,"audioPlay":false,"sceneViewState":{"showFog":true,"showMaterialUpdate":true,"showSkybox":false,"showFlares":true,"showImageEffects":true,"showParticleSystems":true},"in2DMode":false,"pivot":{"x":2.06467866897583,"y":1.1905088424682618,"z":-6.724428653717041},"rotation":{"x":-0.1253448724746704,"y":0.8711814284324646,"z":-0.29141923785209658,"w":-0.374711811542511},"size":0.3518593907356262,"orthographic":false}