{"cameraMode":{"drawMode":0,"name":"Shaded","section":"Shading Mode"},"sceneLighting":true,"audioPlay":false,"sceneViewState":{"showFog":true,"showMaterialUpdate":true,"showSkybox":true,"showFlares":true,"showImageEffects":true,"showParticleSystems":true},"in2DMode":false,"pivot":{"x":-2.4075729846954347,"y":0.30147290229797366,"z":6.961122512817383},"rotation":{"x":0.11215991526842118,"y":-0.042613204568624499,"z":0.004814790096133947,"w":0.9927673935890198},"size":5.597339153289795,"orthographic":false}