{"cameraMode":{"drawMode":0,"name":"Shaded","section":"Shading Mode"},"sceneLighting":true,"audioPlay":false,"sceneViewState":{"showFog":true,"showMaterialUpdate":true,"showSkybox":true,"showFlares":true,"showImageEffects":true,"showParticleSystems":true},"in2DMode":false,"pivot":{"x":1.5329289436340333,"y":2.265493869781494,"z":1.1822242736816407},"rotation":{"x":0.024095330387353898,"y":-0.9336090087890625,"z":0.06395728141069412,"w":0.3517281115055084},"size":2.4630043506622316,"orthographic":true}