{"cameraMode":{"drawMode":0,"name":"Shaded","section":"Shading Mode"},"sceneLighting":true,"audioPlay":false,"sceneViewState":{"showFog":true,"showMaterialUpdate":true,"showSkybox":true,"showFlares":true,"showImageEffects":true,"showParticleSystems":true},"in2DMode":false,"pivot":{"x":0.4160885214805603,"y":2.54337739944458,"z":1.7002190351486207},"rotation":{"x":0.024451646953821183,"y":-0.9691287875175476,"z":0.1074272096157074,"w":0.2205815315246582},"size":0.5445721745491028,"orthographic":true}