{"cameraMode":{"drawMode":0,"name":"Shaded","section":"Shading Mode"},"sceneLighting":true,"audioPlay":false,"sceneViewState":{"showFog":true,"showMaterialUpdate":true,"showSkybox":true,"showFlares":true,"showImageEffects":true,"showParticleSystems":true},"in2DMode":false,"pivot":{"x":-3.653073310852051,"y":-2.659884214401245,"z":1.414522647857666},"rotation":{"x":0.2452734112739563,"y":-0.1742304116487503,"z":0.04486033692955971,"w":0.9526166319847107},"size":6.9422526359558109,"orthographic":false}