{"cameraMode":{"drawMode":0,"name":"Shaded","section":"Shading Mode"},"sceneLighting":true,"audioPlay":false,"sceneViewState":{"showFog":true,"showMaterialUpdate":true,"showSkybox":true,"showFlares":true,"showImageEffects":true,"showParticleSystems":true},"in2DMode":false,"pivot":{"x":-4.950837135314941,"y":-1.8363478183746338,"z":3.395397663116455},"rotation":{"x":0.18412995338439942,"y":-0.37877726554870608,"z":0.07717686891555786,"w":0.9036996364593506},"size":4.753260612487793,"orthographic":false}