{"cameraMode":{"drawMode":0,"name":"Shaded","section":"Shading Mode"},"sceneLighting":true,"audioPlay":false,"sceneViewState":{"showFog":true,"showMaterialUpdate":true,"showSkybox":true,"showFlares":true,"showImageEffects":true,"showParticleSystems":true},"in2DMode":false,"pivot":{"x":1.0889842510223389,"y":1.8430185317993165,"z":3.483062267303467},"rotation":{"x":-0.028290748596191407,"y":-0.9696725010871887,"z":0.2006036937236786,"w":-0.13674867153167725},"size":2.3398361206054689,"orthographic":false}