{"cameraMode":{"drawMode":0,"name":"Shaded","section":"Shading Mode"},"sceneLighting":true,"audioPlay":false,"sceneViewState":{"showFog":true,"showMaterialUpdate":true,"showSkybox":true,"showFlares":true,"showImageEffects":true,"showParticleSystems":true},"in2DMode":false,"pivot":{"x":-0.6824315190315247,"y":0.6431795358657837,"z":-3.2168424129486086},"rotation":{"x":-0.06485426425933838,"y":0.9233303070068359,"z":-0.17978724837303163,"w":-0.3330698609352112},"size":6.168502330780029,"orthographic":false}