{"cameraMode":{"drawMode":0,"name":"Shaded","section":"Shading Mode"},"sceneLighting":true,"audioPlay":false,"sceneViewState":{"showFog":true,"showMaterialUpdate":true,"showSkybox":true,"showFlares":true,"showImageEffects":true,"showParticleSystems":true},"in2DMode":false,"pivot":{"x":-4.067779541015625,"y":-0.5214464664459229,"z":5.0907182693481449},"rotation":{"x":0.18412995338439942,"y":-0.37877726554870608,"z":0.07717686891555786,"w":0.9036996364593506},"size":5.066025733947754,"orthographic":false}