{"cameraMode":{"drawMode":0,"name":"Shaded","section":"Shading Mode"},"sceneLighting":true,"audioPlay":false,"sceneViewState":{"showFog":true,"showMaterialUpdate":true,"showSkybox":true,"showFlares":true,"showImageEffects":true,"showParticleSystems":true},"in2DMode":false,"pivot":{"x":-1.8693886995315552,"y":2.4208984375,"z":1.3688098192214966},"rotation":{"x":0.15677206218242646,"y":-0.1723732054233551,"z":0.02779952622950077,"w":0.9720791578292847},"size":5.527511119842529,"orthographic":true}