{"cameraMode":{"drawMode":0,"name":"Shaded","section":"Shading Mode"},"sceneLighting":true,"audioPlay":false,"sceneViewState":{"showFog":true,"showMaterialUpdate":true,"showSkybox":true,"showFlares":true,"showImageEffects":true,"showParticleSystems":true},"in2DMode":false,"pivot":{"x":-0.7854061126708984,"y":2.545429229736328,"z":1.9648940563201905},"rotation":{"x":0.12789426743984223,"y":0.6189475655555725,"z":-0.10306248813867569,"w":0.7680695652961731},"size":3.2660253047943117,"orthographic":false}