{"cameraMode":{"drawMode":0,"name":"Shaded","section":"Shading Mode"},"sceneLighting":true,"audioPlay":false,"sceneViewState":{"showFog":true,"showMaterialUpdate":true,"showSkybox":true,"showFlares":true,"showImageEffects":true,"showParticleSystems":true},"in2DMode":false,"pivot":{"x":-1.9169741868972779,"y":1.5700883865356446,"z":-0.13905489444732667},"rotation":{"x":0.10726557672023773,"y":0.24809397757053376,"z":-0.02765100821852684,"w":0.9623871445655823},"size":0.9168538451194763,"orthographic":false}