{"cameraMode":{"drawMode":0,"name":"Shaded","section":"Shading Mode"},"sceneLighting":true,"audioPlay":false,"sceneViewState":{"showFog":true,"showMaterialUpdate":true,"showSkybox":true,"showFlares":true,"showImageEffects":true,"showParticleSystems":true},"in2DMode":false,"pivot":{"x":23.537487030029298,"y":-12.994884490966797,"z":-17.240039825439454},"rotation":{"x":0.15629704296588899,"y":0.7149807810783386,"z":-0.16929413378238679,"w":0.660088300704956},"size":48.14391326904297,"orthographic":false}