{"cameraMode":{"drawMode":0,"name":"Shaded","section":"Shading Mode"},"sceneLighting":true,"audioPlay":false,"sceneViewState":{"showFog":true,"showMaterialUpdate":true,"showSkybox":true,"showFlares":true,"showImageEffects":true,"showParticleSystems":true},"in2DMode":false,"pivot":{"x":0.7617599368095398,"y":0.7951452136039734,"z":0.6624250411987305},"rotation":{"x":-0.1070956438779831,"y":-0.880439043045044,"z":0.23828355967998506,"w":-0.39570996165275576},"size":2.355130910873413,"orthographic":false}