{"cameraMode":{"drawMode":0,"name":"Shaded","section":"Shading Mode"},"sceneLighting":true,"audioPlay":false,"sceneViewState":{"showFog":true,"showMaterialUpdate":true,"showSkybox":true,"showFlares":true,"showImageEffects":true,"showParticleSystems":true},"in2DMode":false,"pivot":{"x":1.8042707443237305,"y":0.41095781326293948,"z":-1.2016096115112305},"rotation":{"x":-0.03721948713064194,"y":-0.9390990138053894,"z":0.1078181117773056,"w":-0.32417771220207217},"size":2.0120537281036379,"orthographic":false}